fecha,AAPL,MSFT,GOOGL,AMZN,SPY
2023-01-03,0.0006310475598559298,0.0005598134101548734,-0.02113403954803566,0.007270935880811468,0.0011265491240248112
2023-01-04,-0.009242454025703022,-0.007731755947976566,-0.001506294442536034,-0.009159986250516035,-0.005289081934442084
2023-01-05,-0.02231972046500506,-0.009064973314131433,-0.01176951381484955,-0.009944658362008465,-0.014547323376381737
2023-01-06,0.026608277666545346,0.01929872684093674,0.015423729180555098,0.049368979251148006,0.015008355677764412
2023-01-09,-0.02227715725848285,-0.018675581018201236,-0.046479147597778964,-0.014095483090473414,-0.016242661005783733
2023-01-10,-0.011081649608670559,0.0035688252656776026,-0.0225801380119045,-0.003755583912415027,-0.01292359310953603
2023-01-11,-0.009825796083227055,-0.01846759463233032,0.004206024630603671,0.02051353983310281,-0.0045835935995136665
2023-01-12,0.013805412641890573,0.007477131092784496,0.016048792602064845,0.0015699538276857162,-0.0014746706350415334
2023-01-13,-0.027804085856336046,-0.014429075006249365,0.00941781383499558,-0.004838524015687096,-0.009375818196785955
2023-01-16,0.030683505442831556,0.0228794085522078,0.02483413203773861,0.0289217099046124,0.015196770526878123
2023-01-17,-0.004240519565238911,-0.017137818815055942,-0.004728141195946012,-0.00828015140030379,-0.0006043209127866865
2023-01-18,-0.005243907794201742,-0.02249099729841397,-0.015356093236916377,0.012570616120542357,-0.007954870659476728
2023-01-19,-0.013397857197316034,-0.020735415894571018,-0.02907247005375702,-0.024760059589518702,-0.017607093562764506
2023-01-20,0.024183450367874372,0.013304218847365684,0.017379914574702233,0.03925770805723741,0.019281352768183952
2023-01-23,-0.002767003908488993,0.0016435720212082724,0.00872651444949376,0.00011560025444943276,-0.006757666209736693
2023-01-24,0.010861155588839043,0.016344546503300698,0.017811613889273343,0.0006933210353993597,0.006670760697699968
2023-01-25,-0.008690309191977085,-0.008644498586591675,0.0079924860542406,0.020975193902370317,0.002560543018641359
2023-01-26,0.009227596976232664,0.01306368892448934,0.010152371464017908,0.008952510455911116,0.003547867431633619
2023-01-27,-0.0002686078073577134,0.02267558942848355,0.022595429549647567,0.008706383827062595,0.006371779172433124
2023-01-30,-0.013033199655601974,-0.004728398168081903,-0.00266498509643904,-0.02772008473935523,-0.004042233889953721
2023-01-31,-0.008363218004181973,0.008921730161183927,0.0034351045030031275,0.025995994325911518,0.0015500207619940033
2023-02-01,-0.003959965575180924,0.0005397965098279195,0.011688715839472348,0.011786651131096587,-0.0033398365437903137
2023-02-02,0.0034658266022690506,0.002667710182093567,-0.0026319450017954194,-0.008729819516386881,0.007611466792748548
2023-02-03,-0.005562147775994027,-0.012047523042064117,-0.0008325817451739591,-0.002778551384724216,-0.004207098160354818
2023-02-06,0.01289420075850143,0.013607124315461797,0.016453061059542248,0.02814768990507573,0.01099546876920134
2023-02-07,-0.0091459877934729,-0.009557050145609518,-0.014996497597585538,-0.00782145098584549,-0.010737382050631702
2023-02-08,-0.02823375620713584,-0.01770684321582879,-0.03656275710594103,-0.056475435837035064,-0.0165658601868711
2023-02-09,-0.010639306116093095,-0.0018793361527270707,-0.011569181822771182,-0.025004223563907454,-0.011279430952832872
2023-02-10,-0.007521206690938649,-0.007608611625084955,-0.017090671610889657,-0.014899852500128047,-0.012952511165335885
2023-02-13,0.0008640802404037796,-0.017348220216233563,-0.01145845870276674,0.0024588455819901565,2.2399677445556764e-05
2023-02-14,0.027543693002046274,0.0027756553351499466,0.02095674459430819,0.03611732404864399,0.015359441304551002
2023-02-15,-0.014046204703188271,-0.005047221988568615,0.014766589467348887,-0.02213940129921779,-0.0017661998188853454
2023-02-16,0.01812704442184885,0.005132069616421133,0.016542322869315656,-0.002010288621193013,0.0023174981403624824
2023-02-17,-0.01229282129682669,-0.006042143053899715,-0.00898914521285171,0.00519481687710393,-0.007923726192357584
2023-02-20,-0.0014695079793598834,0.008809880925558773,0.01090492257532042,-0.013754070272773878,0.00452288816425762
2023-02-21,-0.006924370705480351,-0.0005924421484272796,0.0007086168096971558,0.01593022169765507,0.0009065482141646856
2023-02-22,-0.02859730995888924,-0.03258289837789173,-0.019238927028154405,-0.028061774002764186,-0.011804990197482167
2023-02-23,0.00485253371143632,-0.004148534974894403,0.012771932240810505,-0.006121416733050738,-0.008105937435529066
2023-02-24,0.033098320816438306,0.002864912650327182,0.021582049327988604,0.03430068574241231,0.012524108183799426
2023-02-27,-0.025892338914415346,-0.0068249653460238785,-0.031109683275982725,-0.042174021296472436,-0.01496197761087464
2023-02-28,0.0130013912158796,0.011775326348010942,0.02094093616312387,0.008724089129923807,0.007273414412989401
2023-03-01,-0.017295484740431622,-0.01451251405317534,-0.007002681135943445,-0.016165926727883716,-0.0063020690233576235
2023-03-02,-0.008467945598020677,-0.01141175778128752,-0.008912397233847317,-0.011548619597661305,-0.00343782850913862
2023-03-03,0.0033957878064970453,0.01989322434540807,0.009125321752910115,0.005790981033013453,0.0020595931098243586
2023-03-06,0.000934743305777501,0.007627402334859302,-0.004766148094034287,-0.00043471511319580886,0.004399181403513596
2023-03-07,-0.0014024428173722977,-0.0060213984564613365,0.008096060129828891,0.0029151827126664893,0.0014171477217356525
2023-03-08,0.01905591820101301,0.024269817825304966,0.015789247700923267,0.010228692299330254,0.0125315762912758
2023-03-09,-0.0014927946734959651,-0.019960972216173274,0.00423803045133052,-0.0028239935275706815,-0.0011772154664055848
2023-03-10,-0.017914041767169046,0.0012484214898260792,-0.013330273812527863,-0.012434047176761692,-0.011466759525659571
2023-03-13,-0.0019908660984921636,-0.0035169854153555974,-0.005000890858906071,0.0031695747612790395,-0.0010571657698137053
2023-03-14,0.01593242214421427,0.00600916243262057,-0.0031825763275197495,0.005322124079198754,0.006840508871544875
2023-03-15,0.02021539832438373,0.021673073803106267,-0.002553373966887859,0.016284412499358768,0.015744864561504403
2023-03-16,0.0015252085995813723,-0.004001424281911364,0.0021282641404491327,-0.0068243014052624135,0.0017586287232029272
2023-03-17,0.0003950450120508585,0.014398080583263159,0.013864186321147637,-0.0018971273399011556,0.007309046259390842
2023-03-20,0.015341846266063209,0.004586266043858455,0.002861431969498112,-0.026630169912978983,0.005219218528283719
2023-03-21,-0.008649848847474094,-0.02694955896273121,-0.03951903627288675,-0.027423439062672104,-0.011211319909015215
2023-03-22,-0.000841066521867097,0.004347335527725286,-0.01159454415278931,-0.023552050295587417,0.0010742199237514663
2023-03-23,0.008379001094554405,0.005350954875022449,0.021621679563161134,-0.0015237341051409239,0.003084700375319358
2023-03-24,0.016714402961725047,0.029728555702608055,0.022147412911776628,0.045808546481435536,0.013710731960878415
2023-03-27,0.00578193941555895,0.0022294712178456294,-0.01620758079877969,6.332921695543654e-05,0.0036561539319166572
2023-03-28,-0.0017419710447416595,-0.001733603439090079,0.015364765746782432,-0.01338793424928859,-0.0066555627728057485
2023-03-29,-0.009690475765859657,-0.01831649756427138,0.0030168051785400348,-0.001412973902391798,-0.009139819391646774
2023-03-30,-0.009063339189540399,0.022877947548544303,0.0012601513849043167,-0.008714511464635838,0.004200360920567196
2023-03-31,0.010602562185975451,0.00941408139608248,-0.002241368172348155,-0.012263689251832147,0.004982679286230804
2023-04-03,-0.00027468754464710863,-0.01654016567127419,0.005315069509500865,0.009926936273690956,-0.00309500609586891
2023-04-04,-0.003467543447463385,0.0001380509962570992,-0.009742498646936756,-0.024738103617274243,-0.002648088196314997
2023-04-05,-0.022075705556774648,-0.01054657162671807,-0.031698715240656164,-0.023522567277832265,-0.012421976638565672
2023-04-06,0.028670223052861533,0.008418470222450854,-0.0022562693803346405,0.0012949396936475003,0.0015831834082152922
2023-04-07,-0.008691880004638749,-0.001384313186541161,0.005377529127713575,0.023492481462499545,-0.002001386242682138
2023-04-10,0.04214053477601827,0.04797978172753838,0.03880808217891495,0.006168150877597308,0.02218563753015478
2023-04-11,0.001693659767613363,-0.021838076524548954,-0.010230626685637656,-0.011036612259210588,-0.010128202922274112
2023-04-12,0.010468545588868113,0.017179518602413908,0.007018557727465929,0.013546023864636339,0.0048171949506157115
2023-04-13,-0.011791472094814123,-0.006868487987805627,-0.0017500266970286353,-0.01441550189821108,-0.014631588639169335
2023-04-14,0.009800900457961377,-0.009420738782908548,0.0,0.027715399846546827,0.002194186288983961
2023-04-17,-0.018149126433771846,-0.026561115508088217,-0.0067487075121368525,-0.014751947573145293,-0.008628902953852022
2023-04-18,0.01520841119161327,0.00970051975266023,0.006958872492419257,-0.0039045746307548104,-0.008302671678987255
2023-04-19,-0.023303884970955816,-0.016006534121330723,-0.019522476012655245,-0.012947324483627653,-0.01136643370237827
2023-04-20,0.0030636126189661356,0.010120281016243828,-0.004366662867509373,-0.0025558259809956977,-0.004972660669378377
2023-04-21,0.01591856224197902,0.011056202389685797,0.017776349777427033,0.037667992275291065,0.015469325474721195
2023-04-24,-0.0003697931841713174,0.00782697766812716,-0.013623995586667412,0.0028495583040778825,0.0010258012183327542
2023-04-25,-0.02487623929760843,-0.0029007922961012266,-0.019624033542914514,-0.006488052344770439,-0.009405300431836901
2023-04-26,0.01622644671680508,0.024087855258135553,0.00870516922733081,-0.008366608710850616,0.007598292767881802
2023-04-27,0.013972177553026266,0.0056557051227480015,0.0005776590528169162,0.013560413803191704,-0.007013484275990215
2023-04-28,-0.009876753910046667,-0.020339864743531545,-0.011032992804770408,-0.022858512378187274,-0.014404380050022668
2023-05-01,-0.005001872823922874,-0.01791044050416605,-0.01174670287028458,-0.020143217952577806,-0.009650394088537417
2023-05-02,-0.010672345417144288,0.0022154461149120814,-0.0042183226288727135,0.0030373618572353865,0.0006447305019669105
2023-05-03,-0.012096374882654108,-0.0021333049689968553,-0.0014843404833094918,-0.0004044489438348097,-0.004360019364078609
2023-05-04,-0.0061309585519601145,0.003962132709141734,0.026531420634568422,-0.0030385924321488992,0.004981330350204162
2023-05-05,-0.005174798225439544,0.00459820963367577,0.005769524153752988,0.017297293690658005,-0.009592676852572164
2023-05-08,-0.008925908187335393,-0.015676832281535533,-0.013101414281231785,-0.022110372839480547,-0.011305097862805164
2023-05-09,0.011351488207875876,0.02677201001225841,-0.016233049541993085,-0.0010878434578373004,0.007162281343152917
2023-05-10,0.0006605020055187413,-0.0029036181174612583,-0.018007734341385476,-0.021244482596654086,-0.001470399723445715
2023-05-11,0.017562491216811787,0.012734595166337653,0.003011370189552919,0.011468966394487199,0.006124060075318687
2023-05-12,0.009149194653587862,0.007415877406071446,-0.0003759257215055998,0.0075280946820944295,-0.0012543555651644911
2023-05-15,0.013515876480177299,0.020967646753154184,0.0017280893890627399,0.016163744194884054,0.004313950469837602
2023-05-16,0.017447329123466405,0.02079013164928307,0.014754366012942546,0.031044035768434508,0.010314829095366703
2023-05-17,-0.009498036124816997,-0.011889293424408661,-0.011756087775511168,-0.015071381536305604,-0.006295976679624652
2023-05-18,-0.009112760261947291,0.001816716848834482,0.009979230863210902,-0.006026308757933711,-0.006683883018723331
2023-05-19,0.011992569566916817,0.01951837167175716,0.01281124870054813,-0.005528371891514731,0.008388167171454772
2023-05-22,0.024582935919637203,-0.0024347707154675196,0.013660024946062098,0.008579176751469493,0.0022296040772623576
2023-05-23,0.008432866839320869,-0.007340084158658298,0.002738543077889034,0.02187669116047056,0.0030261371098705327
2023-05-24,-0.013188571131184454,-0.02649994102746686,-0.03493197405377057,-0.051037585689504464,-0.01000733014275269
2023-05-25,-0.0033373583719154484,-0.012583060089564889,-0.024061197725184426,-0.028843165549958524,-0.010295353488872885
2023-05-26,-0.019631895111822714,0.004019709846050466,-0.014456230222930237,-0.022927504643704577,-0.004847273830789255
2023-05-29,0.02343047264788314,0.028968808212219966,0.018189994609391122,0.025310627661247066,0.015443153242284601
2023-05-30,0.008976904106340952,0.008622929412119899,-0.0037337643864609653,-0.01502408792608329,0.002262601108400095
2023-05-31,-0.018086825829017533,0.0018921481520379623,-0.005358249194717471,-0.02285895967354802,-0.0067567824628798736
2023-06-01,-0.007369000652574068,-0.006067519562518447,0.005510920950739164,-0.022947245043559477,-0.012217351820147212
2023-06-02,0.005920249946443744,0.002254335482761999,0.0053288798453759,0.011245217264099727,0.002417926691816076
2023-06-05,0.013168237191606392,-0.00010120945304938943,0.005527176668090214,-0.005532823674948479,-0.0026294798453348664
2023-06-06,0.010269536110674838,0.0126724013062369,-0.013301606070100955,-0.015431369613280205,0.002746706268304923
2023-06-07,0.01744842461435561,0.005009418692543061,0.006862921553104722,-0.011104929983788845,0.014615447856650216
2023-06-08,0.008069150982705426,0.014487462934611794,0.0187456085717237,0.02712792807165478,0.01196518919620436
2023-06-09,-0.004694960315513913,0.00449834515625781,0.0014905353780611157,0.019329932652462443,-0.0008907262291115144
2023-06-12,-0.007907538406592387,0.0015355557218728153,0.013462737545586136,0.005135449426005524,-0.001966973782711778
2023-06-13,-0.0012990259133739436,-0.005715417834660562,0.019644138415283816,0.019362588265682726,0.008208167564654147
2023-06-14,0.005335207489606025,-0.0019124215116170299,0.015300219826172181,0.031894633037795474,0.007871028806864265
2023-06-15,0.00019889612715364937,0.011153121676535122,0.0013471835270390748,0.014493500396660842,0.000990790236200825
2023-06-16,-0.014674843269242059,-0.003915041415360255,-0.0034780174890488118,0.021056223938629975,-0.0027947458971256953
2023-06-19,0.000958168458793108,-0.010679832066846117,-0.02841469020696297,-0.03925775577611491,-0.007225808663594852
2023-06-20,-0.01795343835748535,-0.00041873468843420686,0.01040652698196458,-0.006279997175671671,0.004785294944638854
2023-06-21,0.004199319941667095,0.014212394167233125,0.00627866241882336,0.021301445816230648,0.002530788832425469
2023-06-22,0.01037121649989623,0.0024259491289288274,0.0034472886767586836,0.014865911275829357,0.004862793526228103
2023-06-23,-0.0005564971180472326,0.007050274271931976,0.013388606203990626,-0.013849891951795796,0.0041238096047786785
2023-06-26,0.01112156998416125,-2.40601503771082e-05,0.008733679968754411,-0.012260898776577437,0.007908525575170694
2023-06-27,-0.0031076161543746933,-0.002722532430594605,0.01198954833411798,0.0010275029160327163,0.0029911285553313564
2023-06-28,-0.015939616412157076,-0.016124870567772932,-0.031820226514603464,-0.02425453246946456,-0.007661851665889628
2023-06-29,0.0041230874627246365,0.011748495967974148,-0.004875959753682382,-0.01086123943160459,-0.0003344593495842058
2023-06-30,0.009605250533054489,0.010077959781349418,0.00873117977811514,0.01812993232322916,0.0059367148982540936
2023-07-03,0.00025152803412536345,0.013439012783703852,0.0,0.00583253979513328,0.010584909623447599
2023-07-04,0.002210722902079268,0.008695809429189637,-0.0020685481180250753,0.030947872338873174,-0.004683231408473922
2023-07-05,-0.017262318346363104,-0.02191894569342373,0.0015696350254624735,-0.004709690465598608,-0.009032405168446382
2023-07-06,-0.0195943156612217,-0.00917979196288768,-0.010895384105036224,-0.02305852895589478,-0.015169969481461692
2023-07-07,-0.016803587984653548,-0.008825195550726405,-0.007305902509991609,-0.009290783047230213,-0.007046670674998604
2023-07-10,-0.027269537297243213,-0.01741530559553027,-0.03231561167401354,-0.02489638091172083,-0.012377613209979058
2023-07-11,-0.010063528378616897,-0.016813856894911786,-0.0006000600240060485,-0.0020015733324772102,-0.00834542206977969
2023-07-12,-0.04664043164617941,-0.03126217012363279,-0.02661146922551018,-0.016303924846066093,-0.02206299740572961
2023-07-13,-0.009548407373296043,-0.0106417443779333,0.0010011938146190559,-0.022507569722981017,-0.006452172902291525
2023-07-14,-0.013994431627441212,-0.006423920048935061,-0.027865217537087074,-0.011296173979767989,-0.010130923282823027
2023-07-17,-0.0028935034507746125,0.0034946556798361264,0.014692859094054928,-0.019524303106882746,0.004477942817378694
2023-07-18,0.009358789871707036,0.0033771337041226855,0.02244338987096485,0.015604503123397168,0.012033954497394398
2023-07-19,-0.008767598604118685,-0.014352092062658181,0.003957989639564761,0.02756226615451246,0.0013282104319688646
2023-07-20,0.01466732073130688,0.005037391214194477,-0.008238032859342178,-0.0003674444281650019,0.009084000412504647
2023-07-21,-0.028713498574685303,-0.02383691457296562,-0.04704536369005394,-0.03158510960468159,-0.014598108598967204
2023-07-24,-0.01899978495165538,-0.016554260514324633,0.00016055230025659647,-0.011137501655212906,-0.013170869440233844
2023-07-25,-0.020115443475237027,-0.03346733024933634,-0.016021056323888453,-0.03132316849880652,-0.01095109709543029
2023-07-26,0.014233794366659216,0.0029439106649057365,0.0003262110614476866,0.017185654651486214,0.005381266257839141
2023-07-27,0.004781471746828358,-0.013244085165581372,0.00561045501433811,-0.01189651660581239,-0.0124376977528266
2023-07-28,-0.009092088680849882,-0.001649807173153078,0.021338849144641656,-0.0005512896379040801,-0.005201604253633895
2023-07-31,0.03403525457774793,0.024296168707957956,0.022368785740459883,0.009799004445719284,0.010107181910686698
2023-08-01,0.023870294991192142,0.01322848628580721,0.009347667431662432,0.007228666197595347,0.015441697523282703
2023-08-02,-0.008715799083548036,0.0006972820230361107,0.0002306539048399888,0.0009289364346588147,-0.0049270701548686105
2023-08-03,0.010984626956937889,0.02355902697071104,0.016014984242806327,0.0016235652412490383,0.0034080642087151933
2023-08-04,0.0035962915790082577,-0.00021788272548541114,-0.00015132026963885848,0.0013895324144049908,-0.0057108443170783025
2023-08-07,0.012886331457869004,0.011051931438847959,0.009713566077865126,0.014170510184067061,0.011101303765954904
2023-08-08,0.0014279596885939906,-0.007462922991343634,0.010732755631055104,-0.003275819026603114,-0.0036064666902887173
2023-08-09,-0.024030731225555945,-0.01567383045378938,-0.030331582039995454,-0.030998220003242368,-0.011896969851957801
2023-08-10,0.0011102347241445658,0.011076496422481125,0.01003658060071392,0.0008654262764289014,0.0024588280619276823
2023-08-11,-0.0073857311116195925,0.0017434895993252817,-0.0017415670929737735,-0.008688151957637816,0.0018219587447214742
2023-08-14,0.0021157809832258847,-0.0031350124497481814,-0.019514680882532755,-0.0010317870672090093,-0.0016274582457005808
2023-08-15,0.0014080377802955183,-0.003309223712129896,-0.011581490455498455,-0.007972616574017169,-0.0015570642758532998
2023-08-16,-0.001408037780295656,-0.002248855951473397,-0.0076123577329777845,0.0011999521459025832,-0.00043836150913838224
2023-08-17,-0.011276872270639848,0.0003019696680688859,0.005577609809168859,0.010577059917825754,-0.0006335282862965125
2023-08-18,-0.0024968801985871545,-0.013151177247343243,0.0011743982559414398,-0.03477211482670209,-0.008198873618103512
2023-08-21,-0.004713471928681242,0.00560210017996227,0.0011730206623633479,-0.014105071561139427,-0.006954233841119579
2023-08-22,-0.010944186204875887,-0.005991529948444477,-0.006744065711818719,-0.010438072308354996,-0.007825640831390377
2023-08-23,-0.002724549864492445,0.008367090426969266,-0.010122664530939584,-0.002437283216862841,0.007058209584030957
2023-08-24,0.009353476151551444,0.001736661911539735,0.012401912580180223,-0.0026119575029978576,0.003140263444765505
2023-08-25,0.025030962835900703,0.035763501940965246,0.007430326313150117,0.02975618475352148,0.024219219272999512
2023-08-28,-0.007939583566051721,-0.002554415736265075,0.014082560184204734,-0.005008015064327283,0.001252257839742594
2023-08-29,-0.000354337687520094,-0.019450475316320513,-0.006397678583342171,-0.009427011018758636,-0.001927200615756759
2023-08-30,0.033513604805751156,0.029259933863669502,0.023537690645675673,0.03373813963184999,0.018846624403136975
2023-08-31,0.01671000958594454,-0.003276785343066191,-0.009943533293190013,-0.0290962214824372,0.0007332852689873658
2023-09-01,0.00033698399644917557,-0.006106483863219744,-0.01212601197422216,-0.014242526181347102,-0.008095864543682949
2023-09-04,-0.00450248396831579,-0.007779851829494144,0.011057472718224997,0.00593821006443214,-0.004084611968319582
2023-09-05,-0.008610975482564232,0.006500738506877042,0.005711037795514434,0.005239750832837725,0.004322962583200805
2023-09-06,0.025558163711922183,0.004814799485698857,0.0028811908626374823,-0.01479156203946593,0.006343043348980842
2023-09-07,-0.005338387809985391,-0.010162119857970222,-0.016873849489873766,-0.0002525996729635807,-0.005675963703525973
2023-09-08,-0.0077803980404505075,0.007611301416269906,-0.011773042804849575,-0.024120144902323656,0.00801769126471059
2023-09-11,-0.005183110195046877,-0.008764719550875669,-0.01570507348294624,-0.01171430810689244,-0.0022943656212306694
2023-09-12,0.012461570186421321,0.013859866311169484,0.008589831767589854,-0.011323359960124863,0.006232167665483666
2023-09-13,0.024466726291864336,0.027130663886716297,0.021502866138844008,0.03461633852756337,0.014183640627187325
2023-09-14,-0.00027221995540353616,-0.012468569283859428,-0.010732450621892398,-0.004786743048710797,-0.0051874454812256615
2023-09-15,0.012714901447524981,0.02750260167910021,0.03553557276442852,0.019767345660519565,0.01101728663533664
2023-09-18,-0.009670262549075348,-0.01611659043070126,-0.011907594159904219,-0.005137502351378049,-0.006177929572082877
2023-09-19,0.003630554801999351,0.004143456830656712,0.0018935813270292768,-0.007968845153922537,0.008458957714554488
2023-09-20,0.01710726798786165,0.002334381871971963,-0.0036388486820460382,-0.0036665997164062863,0.002734973723066061
2023-09-21,0.0204206874928199,0.023874853928637488,0.03338497565155305,0.04141638472416806,0.021300108166103327
2023-09-22,0.012168434936587784,0.012777343963736658,0.009867419169337213,-0.014945986486135649,0.003968926537901355
2023-09-25,0.02896400891468383,0.01390802064539017,0.010490998075592414,0.03217238142674927,0.012520595440752354
2023-09-26,-0.006973913822865831,0.011167075411751852,0.01095175757808357,0.015666534157278558,0.001678223244212565
2023-09-27,0.008422791196560015,0.009517830741760252,0.017640875198254354,0.02892182201453248,0.013238259347015478
2023-09-28,0.003289640608061359,0.00923898317386863,-0.00800566073455652,0.009661170069747791,0.005580117179237907
2023-09-29,-0.005538798122501428,-0.011317017671788216,-0.008923571962841841,-0.025660268714729997,-0.005405946665865232
2023-10-02,0.00524018666355625,-0.005923349732919983,-0.000782834612800009,0.016076143215304196,0.005687383728653918
2023-10-03,0.01648850111233978,0.009551125257463848,0.007023547016701766,0.004765207695066316,0.00868549302145988
2023-10-04,0.03762063591774395,0.03919780548264668,0.05441320148589109,0.0626342017877524,0.020180819135656135
2023-10-05,-0.0025495764519134576,-0.005927781350043134,0.011118993344782918,0.027210146737882288,-0.0006521442100887239
2023-10-06,0.0011811676032494314,0.006546104340441639,-0.002121032146665209,-0.00816331063916087,-0.002317498140362479
2023-10-09,0.014531732772618986,0.0006179409033187937,0.019580126187635508,0.014103022731759137,0.009446905566200352
2023-10-10,0.024910521033370152,0.009926091743181755,0.0044795089024870895,0.018841787259516084,0.004170147828095479
2023-10-11,-0.010908120299467364,-0.008234430769168018,-0.006694204961447305,-0.026394798898887902,-0.008546614069455631
2023-10-12,0.009772659748270456,0.02012458818854902,-0.009697998818081813,0.02331334338427669,0.011019625232252115
2023-10-13,-0.016449020390100065,-0.02552963535782838,-0.014792482262233387,-0.022962404619488747,-0.011628402134325918
2023-10-16,0.014083124568831132,0.005747602866475608,0.010172621880670956,0.01711584258596401,0.010319922795032606
2023-10-17,0.028249324316544644,0.03588150642771401,0.03260415687391268,0.026749935972789827,0.029145476017134738
2023-10-18,0.010659485152868572,0.01147675657241843,-0.0033992913469117906,0.016387257200268564,0.002137442336596411
2023-10-19,-0.006593720315791916,-0.017575144821507488,-0.018349138668196655,-0.012164872320420201,-0.014670487427868618
2023-10-20,-0.013453416365639471,-0.009553468124237756,-0.02565007906012942,-0.03491219116417989,-0.01418375896227483
2023-10-23,-0.021461505491389487,-0.007907488131271874,-0.024466052154406268,-0.007089270724951063,-0.00473826194582677
2023-10-24,-0.018158017675341583,-0.011500506698179107,-0.01889076246955406,-0.032682879156627674,-0.012282179883146399
2023-10-25,-0.003214163708040828,0.005142803461413855,0.013994032108535382,-0.010650345192035409,-0.000527353856103651
2023-10-26,0.00891826246294758,0.01783893710274823,-0.017083705235583252,0.019261190589973807,0.004610194783194176
2023-10-27,0.02466441537907382,0.0122322973590395,0.00547062663278977,0.013977310811679172,0.013807995121047021
2023-10-30,0.0010822023872625957,-0.02278926465486808,-0.0035735594908649134,-0.02960319130535477,-0.012317916458823087
2023-10-31,-0.017686700789236117,-0.030008655550977315,-0.038058956693989496,-0.04186882040407216,-0.020573413328357798
2023-11-01,-0.00022938410468751222,-0.003395746954180482,-0.020181873767169036,-0.011263437189135259,6.421988892171624e-05
2023-11-02,0.015524656794269077,0.011765931547440421,0.019598358068628446,0.02874259642317433,0.0161376017779397
2023-11-03,0.027315945902283284,0.015014507868055835,0.014774312771719566,0.040229865650955265,0.02020481364270858
2023-11-06,0.024833053822647243,-0.006965021100804218,0.002728122878053182,-0.04000679244484008,0.0021650609003665247
2023-11-07,0.0014568517445160824,0.001643198215318137,-0.00035853860052069214,0.020094151239647966,0.0012762192712199001
2023-11-08,0.01685564350738736,0.016868305720688304,0.019601508201353302,0.023976093597299963,0.011575955014790763
2023-11-09,-0.016598772198499985,-0.003683990059550055,0.0004921778970859654,-0.008286945552418202,-0.0010782988339192285
2023-11-10,0.014744578662632974,-0.0029750523419570024,0.0020364460533120977,-0.0012202564052294857,-0.0020173005587999443
2023-11-13,0.005636187370218039,-0.004569936915810404,-0.005768976179867183,0.0023673743973792226,0.0010600995855386424
2023-11-14,0.005688011989652044,0.02633880537544296,0.009899333131637326,0.01542922286024051,0.0041480336011596244
2023-11-15,0.008140932151803353,0.017145341660733237,0.02708549160177105,0.007731272695723242,0.007781825846900438
2023-11-16,0.02047238221200772,0.012770628938462867,0.026106237148072566,0.005655057483344835,0.015760940697126156
2023-11-17,0.01679901258522384,0.015906091617594664,0.004889985294191771,0.008871696668994393,0.00836824967051658
2023-11-20,0.004731336977514343,0.0022126933279968176,0.00013183046621171996,0.005093272762892662,0.007869894380069303
2023-11-21,-0.031059272908616535,-0.03419484257589282,-0.04896484327940824,-0.047160982601256375,-0.03032934980733427
2023-11-22,0.009326260353473524,0.007248924875302381,0.004144511009520728,-0.0035326809386332743,0.003951979626223082
2023-11-23,0.003399299133447794,0.005714239654050397,-0.004698412567683171,0.010274924238459639,-0.00407258991442689
2023-11-24,0.02027542313202916,-0.017372881769447724,-0.009114057592310541,-0.018178384151225288,0.0001608104851902157
2023-11-27,-0.022823813565256878,0.0033636236500927744,-0.025769513179051566,0.013090044079590123,-0.0026969926783485727
2023-11-28,0.0010929626444744773,0.00521955905429828,0.02995420334212408,0.02651697373850484,-0.0023203973244620233
2023-11-29,0.01939241026816629,0.01532630038696995,-0.004464293128685604,0.01953917908692729,0.002723395637323308
2023-11-30,0.003446298643587649,0.004773583918148148,-0.004203453015626984,0.010307610289559786,-0.002279076851486162
2023-12-01,0.003592085493450142,-0.0029808185249552057,-0.0026009645255912475,0.028123714941550224,0.0029034034549872867
2023-12-04,-0.016527331820364335,-0.011991348706286044,-0.022205737695473016,-0.01637634787399837,-0.008755932791552514
2023-12-05,0.0019209995101835177,0.002241863409317622,-0.00483354113508884,0.006022502143256467,0.005468811102211882
2023-12-06,-0.009198144902284992,-0.006523969478891943,-0.00623868545049393,0.011673542392085873,0.0021993330159436925
2023-12-07,-0.010873200275327767,-0.006348675496171212,-0.02594867690580294,-0.029307597396519305,-0.008928178834201569
2023-12-08,0.010509967499666163,0.01669805635817475,0.008921992269026329,-0.009209110412049677,0.007294273943176979
2023-12-11,-0.0021417178291496253,0.00297711696774811,0.002661148820604451,0.011650617219975274,0.004612433527479325
2023-12-12,0.013859818125976727,0.004715228655407508,0.01988078927389133,0.006145138695153856,0.006609541767451042
2023-12-13,0.02990928570899302,0.023539407644043164,0.009292341309954235,0.04108586168351789,0.01951175339422817
2023-12-14,0.018529349543565662,0.014407448684765038,0.018822246782223395,0.013477292943480641,0.006673065288450307
2023-12-15,0.024702810291346505,0.0127875334971055,0.01001163541424674,0.008632233862742892,0.01698763434966038
2023-12-18,0.014395094407880595,0.005991122038279805,0.007979227070365124,0.01698195398709504,0.010082264678608512
2023-12-19,-0.02475749516891932,-0.00718556296942853,-0.015882195083459536,-0.026188075957410684,-0.011670432210075094
2023-12-20,0.013065755676430034,0.026466724358725966,0.020776899971415658,0.02668503211125868,0.009434481757930097
2023-12-21,0.008323253589174682,0.013928975040528788,-0.007801482490056037,-0.004668687866350702,0.006560996147845667
2023-12-22,-0.027100519174426966,-0.021573030718045366,-0.014451017650733288,-0.04439787768312123,-0.016857588213494017
2023-12-25,0.0014309386385005563,0.010047950354472956,-0.009822359293617916,0.015404835379220275,0.004169541653829365
2023-12-26,0.019452096422812738,0.024706052766706905,0.024550577223326313,0.028868245099196225,0.00673390408389177
2023-12-27,-0.020656961209559174,-0.023663535682209625,-0.024763637839877506,-0.00795668765581289,-0.019913729833508056
2023-12-28,-0.004455527684963884,-0.016092620220875587,-0.029480674744532188,0.005457467360883817,-0.006655630898449984
2023-12-29,0.026329594914538998,0.029508562969727765,0.014164028331883245,-0.006338469242799735,0.020827463444539875
2024-01-01,-0.005766687576174525,-0.015206594453718521,-0.0018769858239483443,-0.003910936669800417,-0.007771563941594035
2024-01-02,-0.0048683597649447925,-0.0014585019437078836,-0.0018081225770120502,0.008621556817844753,-0.001981246139792536
2024-01-03,-0.004817306774807603,0.002993542490738599,0.0035408498894579253,0.016653588140350305,0.0008468378811632909
2024-01-04,-0.0009737463785773114,-0.012127835584627874,0.011404104228536951,-0.018974720891013236,-0.0024269519010342378
2024-01-05,-0.013429096570705956,-0.005388804354581717,0.0011404135234538294,-0.029445757507110582,-0.007005621514921916
2024-01-08,-0.027099425828855182,-0.003668993138950231,-0.01760672121484682,-0.04005417811188013,-0.014199616626968963
2024-01-09,0.021272058878430557,0.029157392347310632,0.03903107836700019,0.01728726515181274,0.015441756372114182
2024-01-10,0.026313339628345367,0.010228630108548563,0.01109427548901805,0.001520812274473404,0.0029825908655971584
2024-01-11,0.01960052433023267,0.019467102952937555,0.023174428598540707,0.02859291468111245,0.01738807503598027
2024-01-12,0.024364199370612554,0.01621134205867515,0.013518241060148182,0.0020525985397750225,0.014059620720223348
2024-01-15,-0.0075053962041132455,-0.019873064121922905,-0.016892746523266288,-0.012963323645938135,-0.005147968156299744
2024-01-16,0.01640285126019492,0.0036427839246768803,-0.0018269788889375823,0.0009083831405841984,-0.001866569166617923
2024-01-17,-0.0011652749425001567,0.004025747505983539,0.002164942324511091,-0.022430111392434098,-0.00636112782775334
2024-01-18,0.020839186345618627,0.0037653482245913854,0.018745946276384387,0.02469746571461054,0.007436244638059686
2024-01-19,-0.01509659979516266,-0.007753219812079387,-0.020775442305144737,-0.0174280707632591,-0.007778163948434233
2024-01-22,-0.010701332942036158,-0.009227176049494312,-0.012881418531615535,-0.028790019013703694,-0.008854512748418007
2024-01-23,-0.009454058036353892,-0.024475224141442074,-0.020863692152938075,-0.02074777426772431,-0.01391632267481154
2024-01-24,-0.03186664643373367,-0.013170277709457378,-0.010632779820352736,-0.008128149234130166,-0.008706401258763059
2024-01-25,-0.019204057261338902,-0.011336767925596623,-0.024726239093722666,0.013854474861295343,-0.009356632136936853
2024-01-26,0.011104139304530102,-0.008122178978849258,-0.014839996013552485,-0.011555222846800573,0.0002968151753706092
2024-01-29,0.009209467593532805,0.009145361164433182,-0.014465591065217843,0.01629082759263478,-0.0005541262758056927
2024-01-30,0.02605036036151713,0.036134869078907075,0.0390540124754581,0.04675029629824725,0.015809907354340912
2024-01-31,0.04123822941524588,0.029649867389332483,0.043451474904748565,0.02478185675609351,0.02044390501527009
2024-02-01,-0.01813412784003717,-0.014257861983458159,-0.014275067436033568,-0.010895448422287537,-0.002714587788179392
2024-02-02,0.008166171727868056,0.007986005358413428,0.007647954958558653,0.037377481544071,0.00513619657580584
2024-02-05,0.019324105815708,-0.006786884569869248,-0.00729904877589057,0.008407047105234952,0.000989835235193999
2024-02-06,0.047928972540226225,0.05783453210188154,0.030168926049238005,0.02492530252457955,0.02587986461273803
2024-02-07,0.027996808775042775,0.03011641983488721,0.03046800787923706,0.00717921121210254,0.011795632360568818
2024-02-08,-0.041665944520675895,-0.04289066236278822,-0.03338316536214787,-0.024683670752555485,-0.02811329393587612
2024-02-09,0.002346216564600683,0.01807435520724154,0.012549078459305862,0.0052410382629877895,0.009023520344761383
2024-02-12,0.00897043819021342,0.006958375869143293,0.000402198691572677,-0.0013381183190009412,0.0033745708941649035
2024-02-13,-0.007980731062712958,0.008300708181431714,0.012454788191925803,0.020244094166488733,0.012760936591230057
2024-02-14,0.02555519201341605,0.03137213464324695,0.03082781838500711,0.02485843969708297,0.02708453572269567
2024-02-15,-0.009949045176442465,-0.012641569367790999,-0.02121045949317076,-0.010998121856532579,-0.006045674780470201
2024-02-16,0.016867714671095987,0.009107061585908927,-0.010147019921168185,0.008668204679514527,0.00872491762206041
2024-02-19,0.0011803552006067256,-0.00039349535584427034,0.007061104337443207,0.024425177377802608,0.0030633895757400907
2024-02-20,-0.021723169544353837,-0.019892297464035945,-0.020864544254591385,-0.046297825325269666,-0.011446479133986621
2024-02-21,-0.011436560678451646,-0.002289310275042149,-0.003160835208375375,-0.010064183671401722,0.003393942651794533
2024-02-22,-0.008240304756443183,-0.012056927336425409,-0.006012922214042831,0.0047451811415547395,-0.004185722578351305
2024-02-23,-0.014830461125723329,-0.0027307402375639526,0.0003387648665481401,0.025323800296153717,-0.001459236231806898
2024-02-26,0.00397186560058688,-0.0029340917813886896,-0.0184595383150299,-0.005213379116063469,0.0010991289159363654
2024-02-27,-0.015368773439212521,-0.01680923119001463,-0.02926764948847343,-0.0003524436126708288,-0.012303220086314853
2024-02-28,0.009709143724905925,-0.0021030120696961477,0.003333927542757703,-0.005006341993271969,-0.009139174059255725
2024-02-29,0.0018226622658196663,0.0066564413273788705,-0.02147387646522526,-0.008717623778303148,-0.0033911457330820594
2024-03-01,-0.016387678473847662,-0.013247870873054646,-0.037072670933458986,-0.019061940328772647,-0.006538210564980369
2024-03-04,-0.019278289260921212,-0.013296136295340027,0.003073811319244379,-0.006333760516217653,-0.008565962295392889
2024-03-05,-0.013758376036684731,-0.0071716859786580996,-0.010762098229052762,-0.000977995187976737,-0.01170728525796489
2024-03-06,0.01756033042369027,0.00770841987333258,0.0185169652184754,0.004271685265302975,0.0014969637176345278
2024-03-07,-0.008320271735676631,-0.014988256647628859,-0.015872160714598675,-0.0025608208616735924,-0.002009098477170938
2024-03-08,0.0037841670945778956,-0.002783683404549367,-0.005751926855072989,0.007299302481611535,0.0050340757332630855
2024-03-11,-0.004486512958538741,-0.004095543098834979,-0.01314099435824321,-0.004373184812222763,0.0006038989407708594
2024-03-12,-0.0451993449435394,-0.027222476160652122,-0.038332082493011066,-0.07048098642471984,-0.023247096207637208
2024-03-13,-0.000808912791838047,0.003317717894382514,-0.01538058262018563,0.026173092026621055,0.0018905785398180847
2024-03-14,-0.0047933427568317075,0.012282139533786793,0.012659927985295378,0.01840929558521895,0.010239389967769335
2024-03-15,-0.03203488412744115,-0.004314277340365939,-0.01860142595054555,-0.014725582305633134,-0.005739555445138945
2024-03-18,-0.010627581850932193,-0.003696292518889622,0.0033413502421075865,-0.0036200858816069865,-0.000345423146785353
2024-03-19,-0.024718648569202743,-0.028206145514649797,-0.038566789834205535,-0.023953241022492872,-0.0007296187106054695
2024-03-20,0.00473317650887523,0.0017839096126438564,0.0017741735739838212,0.017378259626399672,0.006203945221648866
2024-03-21,-0.01746561286956724,-0.0012087467166102864,-0.007540810992558825,0.003069448630646768,-0.012349985549433996
2024-03-22,-0.02390907308336163,-0.009682893632659539,-0.036285748990360474,-0.018494582636164415,-0.010510359315781165
2024-03-25,0.0029076335574036707,0.005629881110906198,0.007205655078767232,0.011767884412402806,0.001951105920111096
2024-03-26,0.00024532853702802373,0.029753418070610053,0.029930217230666602,0.0273902876982989,0.014417139731969283
2024-03-27,-0.010893130013744427,-0.004784559098753619,-0.009734514578253937,0.00561308695899116,-0.007347089887767149
2024-03-28,-0.03662025351187435,-0.02975823573069996,-0.02115930484689827,0.00928569257147035,-0.009587689278201018
2024-03-29,-0.014814445897965621,-0.011872322322230351,-0.023678665809067276,-0.01947487276906268,-0.01351571316598145
2024-04-01,-0.02529326287763449,-0.012158390190883661,-0.01364376258492344,-0.018964828058973444,-0.008693371637816368
2024-04-02,0.03261993818576814,0.02290988298201012,0.01963850160407493,0.03665117773262972,0.009129032462957362
2024-04-03,0.012448649771275033,0.0006206144281840466,-0.005097717071668606,0.004127273545977972,0.009281860723782648
2024-04-04,-0.011153648295294038,0.002318887973372524,0.0016126145763113537,-0.023133921421550314,0.0006275002166840521
2024-04-05,-0.0124144315104978,-0.022862293120135217,-0.02676260781848695,-0.030209532951997034,-0.010463871302234098
2024-04-08,-0.010935310217210926,0.007915474387887264,0.002754569733645596,-0.011412299020998919,-0.004447187142476231
2024-04-09,0.0041862268374443625,-0.017501622329790675,-0.03461004924771757,-0.02887758878985487,-0.00716891892602178
2024-04-10,0.0033802354448854983,0.0026160500227482026,0.0,-0.03036247350898157,-0.003211693314323431
2024-04-11,-0.02732228329073862,-0.009591209991976452,-0.015593179579734417,-0.018684254995364455,-0.008419274638801792
2024-04-12,0.00565886716244422,0.006232355849652037,0.009595160931180746,-0.0015610589986276141,-0.002517307811377694
2024-04-15,0.0059387104949611145,0.018629443222616796,0.024524903955778873,0.012631152657688688,0.011820826880784797
2024-04-16,-0.006297053163969119,-0.00020262192843822853,-0.010020217752897116,-0.0039345234484786384,0.0061080204716624335
2024-04-17,0.012731653456807485,0.023669981094599068,0.00787479460825748,0.0025311129311392845,0.008291047683458794
2024-04-18,0.009377751600246752,0.004226165027778678,0.01804518497549353,0.003154908495490065,0.01079218005511972
2024-04-19,0.01582504114439711,-0.000571659503637052,0.01266704867076234,0.006975474712383642,0.009067129166567748
2024-04-22,-0.007881216907936845,-0.0019539929833757067,0.002622655810319965,-0.042747012219535994,-0.013700584662341501
2024-04-23,0.002605072678534851,0.0005925223850545608,0.013634943924845997,0.00981815568064499,-0.0024037052259078574
2024-04-24,0.005750496854782548,-0.0036000434490100473,-0.0026764223309919074,-0.007282198084925922,0.0006901787836948532
2024-04-25,-0.021792102295278035,-0.02556985997337943,-0.04925480667113453,-0.0003618861545665167,-0.01918581348443085
2024-04-26,-0.012994395318881111,-0.02008239808115122,-0.02364445714231111,-0.02440128395785405,-0.008941696723667614
2024-04-29,0.0033423235731424488,0.0056671437532683985,-0.0030795905389603413,0.0002225106628872207,0.006789276432384205
2024-04-30,0.0002224248769151217,0.003356156956808129,-0.02310832606660439,-0.00044507084778903,-0.0007655271430884682
2024-05-01,0.020864351206510753,-0.013721951737944127,0.0005916576447124165,0.0025934585319236903,0.001087679121069004
2024-05-02,-0.00945385192372611,-0.0041347397432522906,0.002559812365598624,-0.002593458531923679,-0.0037312347273180577
2024-05-03,-0.0030389136156974837,-0.005939593296264465,-0.004138344658648224,-0.014648991405503325,-0.012382107794065879
2024-05-06,0.02164227758163938,-0.0033948730008590065,0.004433286409790919,-0.011281588515498943,0.0008997587617766663
2024-05-07,-0.015003869275844108,-0.0105104319184068,-0.02196361581478769,-0.03541770477434858,-0.009508722873915023
2024-05-08,0.02111456907204459,0.017288691740559498,0.01792519614260517,0.0020490195521086696,0.009058944688751753
2024-05-09,0.007053873593399582,-0.0021001351805008776,0.01206665938491516,0.005574106679856692,0.004020372554341496
2024-05-10,-0.007826405820661832,-0.010376145756289493,-0.006456684532195667,-0.0022729954528924313,-0.003141449280901256
2024-05-13,-0.016100758980000473,-0.018351105586596018,-0.016725611335429522,-0.04403454093986371,-0.008515055296268724
2024-05-14,0.004831452955324039,0.003283294881671106,-0.005905627493690107,0.011657899119563137,0.000597390041352603
2024-05-15,0.02973163066339771,0.023276196296745377,0.004607379945290232,0.027105397169142818,0.010692441074793354
2024-05-16,-0.008423151957742063,-0.008378341616108266,-0.009942336481205823,-0.0055371127074573595,-0.0017945637705548759
2024-05-17,0.006904612837740094,-0.0031067820877943592,-0.016485567205798753,-0.017362519608081124,-0.0017568952425171451
2024-05-20,0.013376302762076337,0.02654092531773603,0.0018452081093992092,0.0115552561614326,0.008145523278742423
2024-05-21,-0.006644820403923179,-0.0034719730508585207,-0.008123855671754509,-0.010909782522756123,-0.006878613958933567
2024-05-22,0.005894789117460344,0.014083137850363246,0.028901981181607854,0.007873423817602485,0.003363814676098522
2024-05-23,-0.004470168077052401,-0.01181563394042625,0.0038045700677519965,-0.01556545801929818,-0.00430362596580088
2024-05-24,-0.02149983359980024,-0.018222162603014215,-0.016219566772310148,0.004298639978303438,-0.012215838989519612
2024-05-27,0.005460997402040561,-0.017719982879678995,-0.02311707195688125,-0.02383307597934015,-0.01037873686858017
2024-05-28,0.006446436506320049,0.010115383494459741,-0.012761679471082112,0.006444172994686868,-0.002616843488396309
2024-05-29,0.028505492997926044,0.021557923187479136,0.023101963930886472,0.019975390039274375,0.013636811542782738
2024-05-30,-0.00036984528560633307,-0.007688075323328679,0.004106360353896211,0.0029018237354294864,0.0020037809982893858
2024-05-31,-0.0013984290519836382,0.005410860061740999,-0.007816557333868913,0.04961771237536524,0.0015671721941405796
2024-06-03,-0.007436207116288561,0.004257723544329606,0.013740987328193923,-0.008847232382218248,-0.0070301966448735095
2024-06-04,-0.022434217596128122,-0.025373881777416285,-0.03250130824676068,-0.0290875432373769,-0.011583020216425835
2024-06-05,0.016612026983331054,0.004327119416520455,0.01420686174185087,0.024285055308377,0.013510901492239782
2024-06-06,-0.002965687936295342,-0.00993969600596406,0.001865285514915681,0.019073099910737242,-0.0031321003400325443
2024-06-07,0.03024291134809812,0.036759618896208976,0.026864390681698356,0.004711971022477142,0.013741241222496108
2024-06-10,-0.0060248503026740586,0.0008486241415039279,-0.023247376455672958,0.024195030661751358,0.008772701928768563
2024-06-11,-0.011870428747629962,-0.02713694317041749,-0.02200641552159389,-0.013111034057005996,-0.006132801080162326
2024-06-12,0.010726497585585953,0.004517840397336585,-0.018626476461545066,0.003966328866749422,0.00438440671756034
2024-06-13,-0.005410514489903679,-0.0013765210081120188,-0.0012900453304899647,-0.007120668695852409,-0.007311228091150073
2024-06-14,0.004878958449337788,-0.011616760535977542,0.011869892880258975,-0.010510891127133982,0.00045083815674066847
2024-06-17,-0.012056022749701417,-0.004749377648245946,-0.010687287786240928,-0.002359299393400851,-0.008187661456858349
2024-06-18,-0.026255492397436204,-0.02080869091821786,-0.026235652684915855,-0.04687566151695985,-0.019734463293563202
2024-06-19,-0.026919815798218907,-0.01730454041985996,-0.02490496692505931,-0.023429735517116135,-0.002362421736161275
2024-06-20,0.0019190515310297232,0.004421130345325152,0.009790209294809485,0.002367831275716988,-0.00021120216349519995
2024-06-21,0.013245226750020723,0.018498198699159595,-0.02196397588585841,-0.0034310955970469,0.0016251072031539383
2024-06-24,-0.009504953612148807,0.005583438714542954,-0.008160495834979796,0.00660660614319864,-0.003295174288290158
2024-06-25,-0.0070573152854009336,0.002020663595343233,-0.011724552440133122,-0.009885297604897116,-0.008093769953626496
2024-06-26,-0.014576297887029327,-0.0030434144488376822,-0.0009345795072771038,-0.02392935714589973,-0.010937743082361798
2024-06-27,0.03948854143430735,0.01902067176544696,0.013120652666344022,0.02917011594731488,0.011321603873563495
2024-06-28,-0.006416859800683104,0.00407176234341967,0.011013074486694585,-0.0009805524564048909,0.006503189493599138
2024-07-01,-0.002922596312469037,-0.005012114189763913,-0.004917948952623168,-0.009611114358272011,-0.0011021386842953263
2024-07-02,0.0037376796891407434,-0.005961844808623047,-0.0006881523382012744,-0.009371051701168009,-0.004505948238990668
2024-07-03,-0.0028342012358751373,0.007670918266139424,0.005377894991340247,0.02045263442341495,0.0102997562080704
2024-07-04,-0.0012048194228504187,-0.00754186935642357,-0.01529380697837706,-0.004909993497555782,-0.0006538222469197681
2024-07-05,0.024245158502093297,0.002255664282541775,0.020529421032322217,0.03149230777911432,0.02017570159399224
2024-07-08,0.002308645850880607,0.0005792065033054431,-0.018561486149365508,-0.018776127300590327,-0.008534370767617651
2024-07-09,-0.01648667711371124,-0.020583991479300328,-0.03698890457822344,-0.02684339300105235,-0.012696784452735397
2024-07-10,0.01144274224705246,0.006045743301548169,0.019489624621334547,0.02757210846992152,0.0012875040034290748
2024-07-11,-0.0048154186148665745,-0.016277643597490336,-0.023457645218852054,-0.012460966710912654,-0.009090104864309589
2024-07-12,0.02260740147616526,0.0350104749365242,0.03142861697353103,0.023888742773986,0.01646648985357998
2024-07-15,-0.0006211308922443072,0.00485737762389594,-0.007500328140861448,0.005744849439053844,-0.0006283380665414447
2024-07-16,0.016310626377283602,0.02402215250157568,0.0394423819583763,0.023043762769971096,0.008636388869884241
2024-07-17,-0.0268874478593843,-0.02117834752900869,-0.03956002209732731,-0.05415361211981072,-0.02060803629671302
2024-07-18,-0.015780252351285187,-0.003949552847155484,0.014946565030639201,-0.004441892636901954,-0.0009970619322567872
2024-07-19,-0.025062673399413114,-0.01515651501756268,-0.02678102267764207,-0.03917454768965641,-0.022603106584903086
2024-07-22,0.02497761407047994,-2.160130471963827e-05,-0.006209716634313616,0.005642487399081748,0.005024047988080547
2024-07-23,0.00445586257839828,0.003730100595918885,-0.007937504091578907,0.010009414300113567,0.0022870961703124787
2024-07-24,-0.022957023437401306,0.000602409656771824,-0.013126099981289958,0.0008436683196782116,-0.011509951601993753
2024-07-25,-0.018761620006054545,-0.018473017362036145,-0.025901441780073576,-0.006090358869454379,-0.017905541943215107
2024-07-26,0.0025572078659084636,-0.008735986199267054,0.0020067735318599605,0.0024575242231495947,-0.0035352617669503184
2024-07-29,0.035045766912959096,0.022509199718077487,0.038106872240209706,0.011612382256972607,0.015537082535266488
2024-07-30,0.0014445343889305897,0.0021586158707892185,-0.0031408578610939864,-0.012882761424224894,-0.01442401726151605
2024-07-31,-0.008869994188885101,-0.015274770362062097,-0.015116708681146934,8.474217199271709e-05,0.0029991025178982447
2024-08-01,0.008487820465046389,0.015705934944259984,0.018980981090307658,0.024194390983089616,0.011863424693857488
2024-08-02,-0.003915065216077621,-0.005966553218771433,-0.0009646690727590462,0.023380448644063714,0.0035448614801212182
2024-08-05,0.025676972573456896,0.003938461302662696,0.014611038370911152,0.021107275447946293,0.011035193986154743
2024-08-06,-0.021252374842427754,-0.03261993818576818,-0.05172515304504833,-0.040442978803044816,-0.010358286336362878
2024-08-07,0.00385552855532189,-0.009573527521864536,0.0002503755646530217,-0.005203398071074141,-0.0012012800536008584
2024-08-08,-0.006661175694163079,-0.017361310473297004,-0.018571691629764953,-0.0026534012251049786,-0.0059401991796470405
2024-08-09,0.019768404175620514,0.00247258533902091,0.021446513933432065,0.01671439841966297,0.008755473345748211
2024-08-12,0.020326238919230372,0.012362389006136325,0.017445539877201807,0.026111564893543764,0.013507283588035636
2024-08-13,0.013687994220677964,0.022355908440365547,0.02363603153418059,0.012725935487152468,0.021883083556841355
2024-08-14,0.00048396855149137686,0.004561337965911306,-0.006248518287728246,-0.032975723440009354,-0.006055445706573614
2024-08-15,0.002134730445154662,0.007207119992357668,0.005409642332248668,0.016743528882217907,0.008660434469869409
2024-08-16,0.016717926817143822,0.01163157074548135,0.013811387540610301,0.011113871639440541,0.004375366795869131
2024-08-19,0.023656554692814434,0.0037040269758518004,0.010234781417753845,0.016908426307892285,-0.001546984734145126
2024-08-20,0.01293857913073514,0.005594570082151139,0.010941792320670392,0.00565038849969513,-0.0012770190671437345
2024-08-21,0.004301245616542759,0.004478765377886194,0.016760810228665473,0.016686188909418462,-0.0018661220491247939
2024-08-22,0.018626716780252104,0.020868967558900116,0.027841942080185856,0.0296899728807325,0.01089576414053088
2024-08-23,0.009646496352398415,0.0033081266450430127,0.0412116440177552,0.017312971241838546,0.004122692007582925
2024-08-26,-0.004106933901353536,0.012344816364026729,-0.001488570184492118,-0.0347060067008147,0.00511415133167687
2024-08-27,0.006430415003437679,-0.00014362657116266672,0.011531468696269212,-0.006242733974222408,-0.0031520096965078227
2024-08-28,0.016259926712897017,0.006157390399723342,0.016275789640278204,0.014159130806080712,0.011121485309072721
2024-08-29,0.0030037116585223075,-0.018047056945242022,0.00020695364312293485,-0.009116787102789906,-0.00026530883123813894
2024-08-30,0.003030742686455361,0.016904362920031325,0.006805553179557716,-0.02231761065389866,0.0016519322181760753
2024-09-02,0.00935876454463393,0.0033224314864358133,-0.00010276964193826202,0.026437929626918745,0.004371569439697469
2024-09-03,0.0178629866877752,0.013863008718337153,-0.0031911087865079935,-0.0053221519126931205,0.003948452579995532
2024-09-04,0.006081595760157604,-0.0035786845326645713,-0.016634129248334666,-0.019505039110939922,-0.005654140649636284
2024-09-05,-0.012729644304632217,-0.013749684279512583,0.011154663483708986,0.0018376727989344863,-0.006995246080342564
2024-09-06,0.0010582011569476824,0.017087511358481872,0.017877800719594404,0.010274453944020174,0.0012885150115336359
2024-09-09,-0.02560259815688528,-0.01986847176354185,-0.021200752894605625,-0.04467205569926757,-0.02096426238710911
2024-09-10,0.0005062375808710215,-0.02146302703012748,-0.032131278182793294,-0.017169517402269716,-0.007374232101325358
2024-09-11,0.00616273686656622,0.014600315430131653,0.029840326436237432,0.03085220314748648,0.009688396438964667
2024-09-12,0.03470842136451796,0.04044750685871144,0.046543709341608425,0.0274243037895546,0.024560039848504453
2024-09-13,-0.031730787278695036,-0.023803969059018156,-0.054813842842501626,-0.04277108120608174,-0.016223547621922227
2024-09-16,0.0015749162107043795,0.01788596946155312,0.0106650948164233,0.010885105109694856,0.005396066971467307
2024-09-17,0.009716589179150898,0.0067294871381615535,0.022521389949004607,0.03824866988421556,0.01127439895310383
2024-09-18,-0.01628316641074077,-0.004481289225293221,0.008707152307033781,0.00744728307528386,-0.00038596313515544897
2024-09-19,0.016283166410740707,0.024751261072470894,-0.012170535620255179,0.02968321885692534,0.013240414635039922
2024-09-20,0.009096741384164725,0.001162565525242996,0.007421372952786485,0.016165467128204936,-0.0019869749334477742
2024-09-23,0.013318654444902005,0.010268553715373607,0.029146688450997316,0.02913683593488843,0.010154197862971013
2024-09-24,0.0023869249419738586,0.008778179757388,0.008034532737270731,0.014975608537540671,0.0019073737677495794
2024-09-25,-0.018130334146131175,-0.017034816056506804,-0.032835365644636835,-0.033148359130916225,-0.011880774314063905
2024-09-26,-0.024179937050429312,-0.027647557786367075,-0.014219211743704486,-0.026620406006378466,-0.013997558531654884
2024-09-27,-0.017930035009987483,-0.021629737999420355,-0.02129719696437669,0.006017345158341012,-0.007360190243100813
2024-09-30,-0.024856846259468525,-0.011208430683237165,-0.0033493855888304122,-0.000940087569686599,-0.012014760248026522
2024-10-01,0.0004889515847295157,0.022433161933230184,0.0013620411765680874,0.011580780389511032,0.0033174403221807526
2024-10-02,-0.018482148831135088,-0.015843959079871427,-0.0020962170971117727,0.007552045012425789,-0.009546562244137406
2024-10-03,-0.005877737288340095,-0.012106685403019993,-0.03350003894396164,-0.007695086065451986,-0.0011709848064521248
2024-10-04,0.025186798401136776,0.012759147450837753,0.03318522704147183,0.04147123654587196,0.013631946442932242
2024-10-07,0.001501727268256534,-0.0018973982780795622,0.003143668102967536,0.029279619571977483,-0.0006400264487457003
2024-10-08,-0.01714035795564892,-0.0017577929922089931,-0.005876197391236916,-0.035336489902223295,-0.011361280338640043
2024-10-09,-0.011322106708112713,-0.012764729030230298,-0.006334480640634513,0.006811406155048219,-0.005088856358503267
2024-10-10,0.0040830533208784875,-0.0039030110998595578,0.012838227471983382,0.02659065363389665,0.003102467690593591
2024-10-11,-0.0098895961710705,0.015193719472586279,0.01659100685779847,-0.005490104845013085,-0.003879590903726857
2024-10-14,-0.0027991620796143546,0.011124129137231245,-0.0008230453139509003,-0.0012091899901389978,0.0
2024-10-15,0.01211197935249241,0.022993202029037096,0.0022617466205831845,0.007099828885900712,0.0075148189746715
2024-10-16,-0.007916169001157132,-0.016309211594486905,-0.0007190919206571411,-0.002874045356335951,-0.0017323972982602738
2024-10-17,0.025756767221909758,0.014386724851205334,0.024865542537883322,0.016990055620707926,0.01194037838275694
2024-10-18,0.007190619217717285,0.0041179207286720235,-0.012710753193737817,0.02212767622359006,0.0038321327568904035
2024-10-21,-0.016071132987611533,-0.03185641157179628,-0.02238056661753239,-0.010091947471471208,-0.008383801971609458
2024-10-22,0.019591076708076267,0.01016679313344192,0.021669654080609172,-0.004104641395081166,0.008609974213015271
2024-10-23,0.016423895972632975,0.005777860957790281,0.008195523182480227,0.013037317789340601,0.007210634105615679
2024-10-24,0.02545017649842596,0.007021222446867646,0.03075944455334551,0.005142060436548706,0.007280598335992965
2024-10-25,-0.010232848532120782,-0.006619825580401642,-0.01248725729037468,-0.0012188473780146746,-0.004223613808104927
2024-10-28,0.036728447019311966,0.02924549266106073,0.027230492329601848,0.03642953876440177,0.02215672153440251
2024-10-29,-0.0010129059038243625,-0.01083506392446293,-0.015036418525324263,-0.004466231603703776,-0.0006769267783923879
2024-10-30,0.009598738231883648,0.006538601890957649,0.015036418525324205,0.004651892401959575,0.006748735419866196
2024-10-31,0.02441230330269993,0.028439947330219435,0.04195364743147294,0.026863642269548252,0.019007136329617872
2024-11-01,-0.013911079221178768,0.0010456970523093853,-0.00890296152285578,-0.02605951022485629,-0.0073640043676941385
2024-11-04,0.005941828709430236,-0.017250399013095982,-0.02337303647847623,0.005118886258429987,-0.00417357151750879
2024-11-05,0.0012249482630064604,-0.014370805197913951,0.01316743317648341,0.019011052697211726,0.0038606681629786287
2024-11-06,-0.015593454981117012,-0.0035169448685615024,0.007220247973487097,-0.006722205480037369,-0.0038213985772676774
2024-11-07,-0.005506984217885166,0.0033600267402727835,-0.002244879812830392,-0.005361616451028145,-0.006856224032652918
2024-11-08,-0.024291553859407587,-0.0056655146231445715,0.008206704644171699,0.007849859276322434,0.003000456267093014
2024-11-11,-0.006604925919859549,-0.00393354990740902,0.0008355382744830539,-0.0038868019295437463,0.005425288010848934
2024-11-12,-0.019057838989302134,-0.017421277680318467,-0.019774788040042787,-0.027201233000262382,-0.007832835449947697
2024-11-13,-0.029605170603871304,-0.007241131963580072,-0.0030334652136151897,-0.006775858787254254,-0.0010081542736761972
2024-11-14,0.03887206711878075,0.028536774529046693,0.03973909566546452,0.0420374972349209,0.02395815617812953
2024-11-15,-0.006022803199775732,-0.010212365299568664,0.000729660740143868,-0.010314373688668915,0.0003282075073142764
2024-11-18,0.01455924274077574,0.006238967961404749,0.014212885792290686,0.014590844593964649,0.006675861918523162
2024-11-19,0.019955922690375355,0.014726822127848122,0.019317821539532407,-0.009602392833102968,0.01085132652565652
2024-11-20,-0.020494048947778017,-0.016312676640916204,0.0044864821241425,0.019172988674842364,-0.005782891955197975
2024-11-21,-0.017593850870643517,-0.006468520967162725,-0.01378722679021345,-0.006090661928535636,-0.011840816927259492
2024-11-22,0.0198162333180621,0.029860597811161786,0.006828991995198683,0.006150191053177472,0.008649741579482938
2024-11-25,0.013761440391030869,-0.009463424468979256,0.003793396988545339,0.0023782638000946366,-0.00208830339037879
2024-11-26,0.013330724318038402,-0.00955383716659056,-0.015707826182556128,-0.013572298859664749,0.000536861291775035
2024-11-27,-0.0032111720438317685,-0.009247198489105797,0.000894054596880936,-0.008099167875108799,-0.005535814233260464
2024-11-28,-0.0024502094935269936,0.003025660687511938,0.03503585002842013,-0.0009107192275135478,0.005938271142265829
2024-11-29,-7.009427683092661e-05,-0.0013524535166784311,0.019228896532789634,0.020501514641250915,0.007349815933441669
2024-12-02,-0.004637119248631319,-0.010222235663477835,-0.002203204009595293,-0.0069869801423697855,-0.005856392461863851
2024-12-03,0.01311780944078605,-0.0020127210723515946,-0.0036544467645721625,0.016286617724936246,0.0031136903254340644
2024-12-04,0.013153768912020258,0.0015702698855991162,0.015880053276642592,0.002532019606841531,0.011076872925427913
2024-12-05,0.015147421023172654,0.016202118261037134,0.03475316805305478,0.029551950603488874,0.010806251152696041
